{"Pilares":[-22.8814,-43.2835],
    "Rio Comprido":[-22.9252, -43.2053],
    "Piedade":[-22.8963, -43.3127],
    "Andaraí":[-22.9260, -43.2487],
    "Praça Seca":[-22.8969, -43.3517],
    "Cascadura":[-22.8822, -42.3246],
    "Belford Roxo":[-22.7645, -43.39960],
    "Brás de Pina":[-22.7645, -43.39960],
    "Maré":[-22.8554,-43.2422],
    "Duque de Caxias":[-22.7863, -43.3053],
    "Quintino Bocaiuva":[-22.8876, -43.3192],
    "Senador Camará":[-22.8795,-43.4893],
    "Catumbi":[-22.9167, -43.1962],
    "Complexo do Alemão":[-22.8594,-43.2754],
    "Madureira":[-22.8725, -43.3364],
    "Costa Barros":[-22.8243,-43.3727],
    "Vila Kennedy":[-22.8604,-43.4884],
    "Leme":[-22.9615,-43,1662],
    "Angra dos Reis":[-23.0057,-44.3158],
    "São Gonçalo":[-22.8273,-43.0638],
    "Japeri":[-22.6438,-43.6601],
    "Cosme Velho":[-22.5634, -43.1200],
    "Jardim América":[-22.8115, -43.3207],
    "Caju":[-22.8799,-43.2264],
    "Mangueira":[-22.9053,-43.5340],
    "Magé":[-22.6566,-43.0398],
    "Centro":[-22.9071,-43.1819],
    "Glória":[-22.9204,-43.1745],
    "Cavalcanti":[-22.8699,-43.3161],
    "Quintino":[-22.8876,-43.3192],
    "Jacarezinho":[-22.8876,-43.2582],
    "Engenho da Rainha":[-22.5147,-43.1744],
    "Complexo da Maré":[-22.8554,-43.2422],
    "Penha":[-22.8372,-43.2774],
    "Mesquita":[-22.7819,-43.4293],
    "Morro do Estado":[-22.8990,-43.1193],
    "Praça da Bandeira":[-22.9102,-43.2122],
    "Vila Isabel":[-22.9166,-43.2502],
    "Complexo da Penha":[-22.5100, -43.1900],
    "Santa Teresa":[-22.9163,-43.1916],
    "Cordovil":[-22.8234,-43.2959],
    "Manguinhos":[-22.8830,-43.2458],
    "Anchieta":[-22.8208,-43.3969],
    "Cidade de Deus":[-22.9465,-43.3697],
    "Bonsucesso":[-22.8627,-43.2540],
    "Grajaú":[-22.9237,-43.2585],
    "Engenheiro Pedreira":[-22.6783,-43.6063],
    "Caxias":[-22.7863,-43.6053],
    "Copacabana":[-22.9694,-43.1868],
    "Laranjeiras":[-22.9332,-43.1847],
    "Tijuca":[-22.9326,-43.2410],
    "Magalhães Bastos":[-22.8718,-43.4139],
    "Santo Cristo":[-22.8996,-43.2014],
    "Irajá":[-22.8443,-43.3232],
    "Estácio":[-22.9174,-43.2050],
    "Benfica":[-22.8942,-43.2391],
    "Vasco da Gama":[-22.8910,-43.2268],
    "Cidade Universitária":[-22.8627,-43.2259],
    "Penha Circular":[-22.8393,-43.2914],
    "Niterói":[-22.8859,-43.1153],
    "Complexo do Lins":[-22.5452,-43.1658],
    "Macaé":[-22.3234,-41.9593],
    "Ilha do Governador":[-22.8052,-43.2086],
    "Catete":[-22.9280,-43.1808],
    "Pavuna":[-22.8122,-43.3620],
    "Engenho Novo":[-22.9081,-43.2678],
    "Campinho":[-22.8856,-43.3481],
    "São Francisco Xavier":[-22.5412,-43.1436],
    "Jacaré":[-22.8923,-43.2582],
    "Vaz Lobo":[-22.5133,-43.1944],
    "Realengo":[-22.8787,-43.4285],
    "Itaguaí":[-22.8632,-43.7779],
    "Nova Iguaçu":[-22.7561,-43.4607],
    "Providência":[-22.5403,-41.1147],
    "São João de Meriti":[-22.7908,-43.3699],
    "Vila Cruzeiro":[-22.8502,-43.2812],
    "Taquara":[-22.9230,-43.3740],
    "Encantado":[-22.8960,-43.3022],
    "Nilópolis":[-22.8098,-43.4194],
    "Maricá":[-22.9161,-42.8192],
    "Recreio":[-23.0175,-43.4626],
    "Botafogo":[-22.9512,-43.1808],
    "Bancários":[-22.7910,-43.1809],
    "Cachambi":[-22.8900,-43.2736],
    "Lins de Vasconcelos":[-22.5448,-43.1705],
    "Arraial do Cabo":[-22.9673,-42.0268],
    "Tanguá":[-22.7428,-42.7206],
    "Rocha Miranda":[-22.8521,-43.3468],
    "Santa Marta":[-22.5661,-43.1138],
    "Del Castilho":[-22.8804,-43.2690],
    "Guadalupe":[-22.8401,-43.3781],
    "Ingá":[-22.9038,-43.1222],
    "Lins":[-22.5452,-43.1658],
    "Rio das Ostras":[-22.5273,-41.9464],
    "Freguesia":[-22.9383,-43.3408],
    "Conceição de Macabu":[-22.0839,-41.8723],
    "Pechincha":[-22.9289,-43.3542],
    "Barra Mansa":[-22.5409,-44.1773],
    "Itatiaia":[-22.4913,-44.5721],
    "Ilha Grande":[-23.1521,-44.2289],
    "São Cristóvão":[-22.8996,-43.2227],
    "Tomás Coelho":[-22.8682,-43.3044],
    "Ramos":[-22.8503,-43.2566],
    "Honório Gurgel":[-22.8454,-43.3547],
    "Lagoa":[-22.9621,-43.2077],
    "Campo Grande":[-22.9077,-43.5659],
    "Galeão":[-22.8171,-43.2278],
    "Tanque":[-22.9183,-43.3609],
    "Méier":[-22.9022,-43.2803],
    "Bangu":[-22.8742,-43.4685],
    "Água Santa":[-22.9056,-43.3082],
    "Vicente de Carvalho":[-22.8558,-43.3158]
}